Model,MSE,R2 Score
Linear Regression,180788899.8074653,0.7748295707574349
Polynomial Degree 2,675318902.3743838,0.15889832127304737
Polynomial Degree 3,417268145.6133905,0.4802974764652196
